ID	Headword	Headword IAST	Slug	Letter	Grammar	Num Definitions	Num References	Num CrossRefs
ayamabhaipa-ra-ya	अयमभिप्रायः	ayamabhaipa्raāyaḥ	ayamabhaipa-ra-ya	अ		0	1	0
ba-hada-ra-a-yakaopanai-ata	बृहदारण्यकोपनिषत्	baṛhadaāraṇa्yakaopanaiṣata्	ba-hada-ra-a-yakaopanai-ata	ब		0	1	0
pa-raka-a-dai	प्रकाशादि	pa्rakaāśaādai	pa-raka-a-dai	प		6	0	0
a-ata-vama	अंशत्वम्	aṃśata्vama्	a-ata-vama	अ		1	0	0
tau	तु	tau	tau	त		2	1	0
a-abhaeda	अंशभेदः	aṃśabhaedaḥ	a-abhaeda	अ		0	0	0
a-ra-paau-a-karae	श्रीपौष्करे	śa्raīpaauṣa्karae	a-ra-paau-a-karae	श		0	0	0
a-a-dhaikara-ama	अंशाधिकरणम्	aṃśaādhaikaraṇama्	a-a-dhaikara-ama	अ		0	0	0
upapada-yaetae	उपपद्येते	upapada्yaetae	upapada-yaetae	उ		0	0	0
a-a-vata-ra	अंशावतारः	aṃśaāvataāraḥ	a-a-vata-ra	अ		0	1	0
a-aena	अंशेन	aṃśaena	a-aena	अ		0	0	0
a-a-vata-ra-a	अंशावतीर्णः	aṃśaāvataīra्ṇaḥ	a-a-vata-ra-a	अ		0	0	0
a-a-a-vata-ra	अंशांशावतारः	aṃśaāṃśaāvataāraḥ	a-a-a-vata-ra	अ		0	1	0
a-a-aita-vama	अंशांशित्वम्	aṃśaāṃśaita्vama्	a-a-aita-vama	अ		0	0	0
laaukaika-laaukaikava-yavaha-rasa-dha	लौकिकालौकिकव्यवहारसाधा	laaukaikaālaaukaikava्yavahaārasaādhaā	laaukaika-laaukaikava-yavaha-rasa-dha	ल		0	0	0
a-a	अंशः	aṃśaḥ	a-a	अ		0	0	0
na-na-va-yapadae-a-ta	नानाव्यपदेशात्	naānaāva्yapadaeśaāta्	na-na-va-yapadae-a-ta	न		0	0	0
ca	च	ca	ca	च		0	0	0
ekae	एके	ekae	ekae	ए		0	0	0
da-a	दाशाः	daāśaāḥ	da-a	द		0	0	0
ka-taiva	क्तिवाः	ka्taivaāḥ	ka-taiva	क		0	0	0
sa-ra-a-a-ta-va	स्रष्टृत्व	sa्raṣa्ṭaṛta्va	sa-ra-a-a-ta-va	स		0	0	0
sa-ja-yata-va	सृज्यत्व	saṛja्yata्va	sa-ja-yata-va	स		0	0	0
naiyana-ta-ta-va	नियन्तृत्व	naiyana्taṛta्va	naiyana-ta-ta-va	न		0	0	0
naiya-ma-yata-va	नियाम्यत्व	naiyaāma्yata्va	naiya-ma-yata-va	न		0	0	0
tadaupa-sakata-va	तदुपासकत्व	tadaupaāsakata्va	tadaupa-sakata-va	त		0	0	0
daura-bhaika-a	दुर्भिक्षः	daura्bhaika्ṣaḥ	daura-bhaika-a	द		0	0	0
pa-ra-gauka-tanaiyana-ta-ta-va	प्रागुक्तनियन्तृत्व	pa्raāgauka्tanaiyana्taṛta्va	pa-ra-gauka-tanaiyana-ta-ta-va	प		0	0	0
caeta	चेत्	caeta्	caeta	च		0	0	0
avayava	अवयवा	avayavaā	avayava	अ		0	0	0
bha-va	भावः	bhaāvaḥ	bha-va	भ		0	0	0
ra-thaika-ata-va	आर्थिकांशत्व	āra्thaikaāṃśata्va	ra-thaika-ata-va	आ		0	1	0
akama	अकम्	akama्	akama	अ		0	0	0
ka	कं	kaṃ	ka	क		0	0	0
akama-pana-yata-vama	अकम्पनीयत्वम्	akama्panaīyata्vama्	akama-pana-yata-vama	अ		0	0	0
kara-a	करणं	karaṇaṃ	kara-a	क		0	1	0
akara-ta	अकर्ता	akara्taā	akara-ta	अ		1	0	0
akara-ma	अकर्म	akara्ma	akara-ma	अ		2	0	0
akara-mava-a-yata-ta-rama	अकर्मवश्यत्त्रम्	akara्mavaśa्yata्ta्rama्	akara-mava-a-yata-ta-rama	अ		1	0	0
ao-a-akala-a-na-ya	षोडशकलाशून्यः	ṣaoḍaśakalaāśaūna्yaḥ	ao-a-akala-a-na-ya	ष		0	0	0
akala-panama	अकल्पनम्	akala्panama्	akala-panama	अ		0	0	0
kala-pana	कल्पनं	kala्panaṃ	kala-pana	क		0	1	0
aka-ma	अकामः	akaāmaḥ	aka-ma	अ		2	1	0
aka-maka-ra	अकामकारः	akaāmakaāraḥ	aka-maka-ra	अ		0	0	0
aka-maca-ra	अकामचारः	akaāmacaāraḥ	aka-maca-ra	अ		2	0	0
gau-a-a-akama	गुणाष्टकम्	gauṇaāṣa्ṭakama्	gau-a-a-akama	ग		0	0	0
aka-mahata	अकामहतः	akaāmahataḥ	aka-mahata	अ		2	0	0
aka-yama	अकायम्	akaāyama्	aka-yama	अ		0	0	0
aka-ra	अकारः	akaāraḥ	aka-ra	अ		1	0	0
aka-rapa-ra-avasa-ma-na-dhaikara-a-yama	अकारप्रणवसामानाधिकरण्यम्	akaārapa्raṇavasaāmaānaādhaikaraṇa्yama्	aka-rapa-ra-avasa-ma-na-dhaikara-a-yama	अ		0	0	0
laka-a-ma-sama-bana-dhava-ya-a-jakata-vama	लक्ष्मीसम्बन्धव्यञ्जकत्वम्	laka्ṣa्maīsama्bana्dhava्yaña्jakata्vama्	laka-a-ma-sama-bana-dhava-ya-a-jakata-vama	ल		0	0	0
aka-ra-ra-tha	अकारार्थः	akaāraāra्thaḥ	aka-ra-ra-tha	अ		1	0	0
bhagavata	भगवता	bhagavataā	bhagavata	भ		0	0	0
tadauka-tama	तदुक्तम्	tadauka्tama्	tadauka-tama	त		0	0	0
aka-ra-yasa-yaoga	अकार्यसंयोगः	akaāra्yasaṃyaogaḥ	aka-ra-yasa-yaoga	अ		0	0	0
aka-laka-la-yama	अकालकाल्यम्	akaālakaāla्yama्	aka-laka-la-yama	अ		0	0	0
sa-ya-ta	स्यात्	sa्yaāta्	sa-ya-ta	स		0	0	0
akai-a-cana	अकिश्चनः	akaiśa्canaḥ	akai-a-cana	अ		1	0	0
anana-yasa-dhanata-vara-pamaita-yabhaipa-ra-yae-a-ha	अनन्यसाधनत्वरूपमित्यभिप्रायेणाह	anana्yasaādhanata्varaūpamaita्yabhaipa्raāyaeṇaāha	anana-yasa-dhanata-vara-pamaita-yabhaipa-ra-yae-a-ha	अ		2	0	0
akau-a-havaikau-a-hadhai-a-a-ya	अकुण्ठविकुण्ठधिष्ण्यः	akauṇa्ṭhavaikauṇa्ṭhadhaiṣa्ṇa्yaḥ	akau-a-havaikau-a-hadhai-a-a-ya	अ		0	0	0
aka-kau-a-haita-kha-a-asaukha-ta-mabaodha	अक्कुण्ठिताखण्डसुखात्मबोधः	aka्kauṇa्ṭhaitaākhaṇa्ḍasaukhaāta्mabaodhaḥ	aka-kau-a-haita-kha-a-asaukha-ta-mabaodha	अ		0	0	0
akha-a-a	अखण्डः	akhaṇa्ḍaḥ	akha-a-a	अ		0	0	0
aka-ta	अकृतः	akaṛtaḥ	aka-ta	अ		1	0	0
aka-tava-rata	अकृतव्रताः	akaṛtava्rataāḥ	aka-tava-rata	अ		0	0	0
aka-ta-ta-ma-na	अकृतात्मानः	akaṛtaāta्maānaḥ	aka-ta-ta-ma-na	अ		0	0	0
ita-yata-ra-ha	इत्यत्राह	ita्yata्raāha	ita-yata-ra-ha	इ		0	0	0
aka-ta-bha-ya-gama	अकृताभ्यागमः	akaṛtaābha्yaāgamaḥ	aka-ta-bha-ya-gama	अ		0	0	0
aka-ta-raima	अकृत्रिमः	akaṛta्raimaḥ	aka-ta-raima	अ		0	0	0
bhagavata-ka-a-ka-avai-ae-a-dha-namaha	भगवत्कटाक्षविशेषाधीनमहा	bhagavata्kaṭaāka्ṣavaiśaeṣaādhaīnamahaā	bhagavata-ka-a-ka-avai-ae-a-dha-namaha	भ	विशेषणम्	0	0	0
	३	३		३		0	0	0
	४	४		४		0	0	0
ekaaikaena	एकैकेन	ekaaikaena	ekaaikaena	ए		0	0	0
	३	३		३		0	0	0
	४	४		४		0	0	0
sa	सः	saḥ	sa	स		0	0	0
aka-ta-sa-na	अकृत्स्नः	akaṛta्sa्naḥ	aka-ta-sa-na	अ		0	1	0
	६	६		६		0	0	0
	१	१		१	धातुः	0	0	0
	३	३		३		0	0	0
	२	२		२		0	0	0
	२	२		२		0	0	1
ka-ratau	क्रतुः	ka्ratauḥ	ka-ratau	क		0	0	0
	६	६		६		0	0	0
	१६	१६		१		0	0	0
ara-kae	अर्के	ara्kae	ara-kae	अ		0	0	0
ga-hakao-ae	गृहकोणे	gaṛhakaoṇae	ga-hakao-ae	ग		0	0	0
	२	२		२		0	0	0
	२	२		२		0	1	0
	१	१		१		0	0	0
	२	२		२		0	1	0
	१	१		१		0	0	0
	२	२		२		0	0	0
aka-ta-sa-naparai-a-mai	अकृत्स्नपरिणामि	akaṛta्sa्naparaiṇaāmai	aka-ta-sa-naparai-a-mai	अ		0	0	0
aka-ra-yata-va-dana-yata-ra-samavaeta	अकार्यत्वादन्यत्रासमवेतं	akaāra्yata्vaādana्yata्raāsamavaetaṃ	aka-ra-yata-va-dana-yata-ra-samavaeta	अ		0	1	0
	६	६		६		0	0	0
	१	१		१		0	0	0
	१	१		१		0	0	0
	१५	१५		१		0	0	0
acaita-parai-a-mavai-ae-aba-raha-ma-dai	अचित्परिणामविशेषब्रह्मादि	acaita्paraiṇaāmavaiśaeṣaba्raha्maādai	acaita-parai-a-mavai-ae-aba-raha-ma-dai	अ		0	0	0
	५	५		५		0	0	0
	८	८		८		0	0	0
	१	१		१		0	0	0
	१	१		१	धातुः	0	0	0
	१	१		१		0	0	0
	२	२		२		0	0	0
a-ba-dapa-rata-tai	शाब्दप्रतीति	śaāba्dapa्rataītai	a-ba-dapa-rata-tai	श		0	0	0
pa-ra-thaiva	पार्थिवा	paāra्thaivaā	pa-ra-thaiva	प		0	0	0
	१	१		१		0	0	0
	३	३		३		0	0	0
	४	४		४		0	0	0
	१	१		१		0	0	0
	१	१		१		0	0	0
ka-yau-aba-daopalaka-aita	ऋक्युशब्दोपलक्षित	ṛka्yauśaba्daopalaka्ṣaita	ka-yau-aba-daopalaka-aita	ऋ		0	0	0
	४	४		४		0	0	0
anana-tadaevae-a	अनन्तदेवेश	anana्tadaevaeśa	anana-tadaevae-a	अ		0	0	0
	११	११		१		0	0	0
	८	८		८		0	1	0
	५	५		५		0	0	0
	१	१		१		0	1	0
	१	१		१		0	0	0
	३	३		३		0	0	0
va-ta-tai	वृत्तिः	vaṛta्taiḥ	va-ta-tai	व		0	0	0
ta-yana	तायनं	taāyanaṃ	ta-yana	त		0	0	0
aupasadavata-tadauka-tama	औपसदवत्तदुक्तम्	aupasadavata्tadauka्tama्	aupasadavata-tadauka-tama	औ		0	1	0
	३	३		३		0	0	0
	३	३		३		0	0	0
	५	५		५		0	0	0
	८	८		८		0	0	0
	१	१		१		0	0	0
	१	१		१		0	0	0
sama-nata-va-ta	समानत्वात्	samaānata्vaāta्	sama-nata-va-ta	स		0	0	0
aka-arama	अक्षरम	aka्ṣarama	aka-arama	अ		0	1	0
	३	३		३		0	0	0
	३	३		३		0	0	0
	।	।		।		0	0	0
	३	३		३		0	1	0
	१	१		१		0	0	0
	३	३		३		0	0	0
uca-yatae	उच्यते	uca्yatae	uca-yatae	उ		0	1	0
	८	८		८		0	0	0
naivae-a	निवेशः	naivaeśaḥ	naivae-a	न		0	0	0
sa-va-ta-ma-naubhavavailama-bavaimaukha	स्वात्मानुभवविलम्बविमुख	sa्vaāta्maānaubhavavailama्bavaimaukha	sa-va-ta-ma-naubhavavailama-bavaimaukha	स		0	0	0
	८	८		८		0	0	0
	१	१		१		0	0	0
	१	१		१		0	0	0
	५	५		५		0	0	0
	८	८		८		0	0	0
	३	३		३		1	0	0
ayamata-ra-bhaipa-ra-ya	अयमत्राभिप्रायः	ayamata्raābhaipa्raāyaḥ	ayamata-ra-bhaipa-ra-ya	अ		0	0	0
kara-ma	कर्म	kara्ma	kara-ma	क		0	0	0
	१	१		१		0	0	0
	३	३		३		0	0	0
	१	१		१		0	0	0
ka-a-a	काण्ड६	kaāṇa्ḍa६	ka-a-a	क		0	0	0
	१	१		१		0	1	0
	६	६		६		0	0	0
	४	४		४		0	0	0
	३	३		३		0	0	0
	५	५		५		0	0	0
ka-aitai	क्षितिः	ka्ṣaitaiḥ	ka-aitai	क		0	0	0
	४	४		४		0	0	0
	१	१		१		0	0	0
	४	४		४		0	0	0
	१५	१५		१		0	0	0
	१	१		१		0	0	0
	३	३		३		0	1	0
	१	१		१		0	0	0
	३	३		३		0	0	0
ana-taradhaikara-a	अन्तरधिकरण	ana्taradhaikaraṇa	ana-taradhaikara-a	अ		0	0	0
ana-ya-nama	अन्यूनम्	ana्yaūnama्	ana-ya-nama	अ		0	0	0
	३	३		३		0	0	0
	१६	१६		१		0	0	0
akha-a-ava-ka-ya	अखण्डवाक्या	akhaṇa्ḍavaāka्yaā	akha-a-ava-ka-ya	अ		0	0	0
vara-ayana-tai	वर्णयन्ति	vara्ṇayana्tai	vara-ayana-tai	व		0	0	0
	१५	१५		१		0	0	0
	१	१		१		0	0	0
da-vaivaidha	द्विविधः	da्vaivaidhaḥ	da-vaivaidha	द		0	0	0
	१	१		१		0	0	0
	१	१		१		0	0	0
	१	१		१		0	0	0
	१	१		१		0	0	0
ja-a-nama	ज्ञानम्	ja्ñaānama्	ja-a-nama	ज		0	0	0
akhailaeta-ya	अखिलेत्या	akhailaeta्yaā	akhailaeta-ya	अ		0	0	0
	१	१		१		0	0	0
	१	१		१		0	0	0
kha-ya-tai	ख्यातिः	kha्yaātaiḥ	kha-ya-tai	ख		0	0	0
bha-ra-na-ta-bha-ra-na-ta	भ्रान्ताभ्रान्त	bha्raāna्taābha्raāna्ta	bha-ra-na-ta-bha-ra-na-ta	भ		0	0	0
akha-ya-taisa-va	अख्यातिसंव	akha्yaātaisaṃva	akha-ya-taisa-va	अ		0	0	0
ya-mauna-ca-ra-yaai	यामुनाचार्यैः	yaāmaunaācaāra्yaaiḥ	ya-mauna-ca-ra-yaai	य		0	0	0
vai-ae-a	विशेषः	vaiśaeṣaḥ	vai-ae-a	व		0	0	0
baodha-yama	बोध्यम्	baodha्yama्	baodha-yama	ब		0	0	0
kaecaita-tau	केचित्तु	kaecaita्tau	kaecaita-tau	क		0	0	0
tau	तु	tau	tau	त		0	0	0
ta-vata-raaivaeta-yabhaipa-raeta-ya-bhaihaitama-ca-ra-yaai	त्वत्रैवेत्यभिप्रेत्याभिहितमाचार्यैः	ta्vata्raaivaeta्yabhaipa्raeta्yaābhaihaitamaācaāra्yaaiḥ	ta-vata-raaivaeta-yabhaipa-raeta-ya-bhaihaitama-ca-ra-yaai	त		0	0	0
gatai	गतिः	gataiḥ	gatai	ग		0	0	0
acaetana	अचेतन	acaetana	acaetana	अ		0	0	0
	४४	४४		४		0	0	0
va-yaja-yatae	व्यज्यते	va्yaja्yatae	va-yaja-yatae	व		0	0	0
bha-gavatama	भागवतम्	bhaāgavatama्	bha-gavatama	भ		0	0	0
	१	१		१		0	0	0
	२	२		२		0	0	0
	६	६		६		0	0	0
	५	५		५		0	0	0
	६	६		६		0	0	0
	३	३		३		0	0	0
	१	१		१		0	0	0
	४	४		४		0	1	0
	३	३		३		0	0	0
	३	३		३		0	0	0
	१	१		१		0	0	0
	१	१		१		0	0	0
	१	१		१		0	0	0
	५	५		५		0	0	0
acaetanae	अचेतने	acaetanae	acaetanae	अ		0	0	0
eva-na-yata-raoka-tama	एवान्यत्रोक्तम्	evaāna्yata्raoka्tama्	eva-na-yata-raoka-tama	ए		0	0	0
	२	२		२		0	0	0
	१	१		१		0	0	0
	५	५		५		0	0	0
	४	४		४		0	0	0
	५	५		५		0	0	0
	३	३		३		0	1	0
	३	३		३		0	0	0
	२	२		२		0	0	0
aga-naicaita	अग्निचित्	aga्naicaita्	aga-naicaita	अ		0	0	0
	१	१		१		0	0	0
	२	२		२		0	1	0
	३	३		३		0	0	0
	८	८		८		0	0	0
	४	४		४		0	0	0
	४	४		४		0	0	0
	१	१		१		0	0	0
	२	२		२		0	0	0
	१	१		१		0	0	0
	३	३		३		0	0	0
aga-nai	अग्निः	aga्naiḥ	aga-nai	अ		0	0	0
vaedavaida-ya	वेदविद्या	vaedavaida्yaā	vaedavaida-ya	व		0	0	0
	५	५		५		0	0	0
	२४	२४		२		0	0	0
jauhaotai	जुहोति	jauhaotai	jauhaotai	ज		0	0	0
	१	१		१		0	0	0
	२	२		२		0	0	0
	१	१		१		0	0	0
	२	२		२		0	0	0
haota-rama	होत्रम्	haota्rama्	haota-rama	ह		0	1	0
	४	४		४		0	0	0
	१	१		१		0	1	0
	४	४		४		0	0	0
	१	१		१		0	0	0
	४	४		४		0	0	0
va-ya-saena	व्यासेन	va्yaāsaena	va-ya-saena	व		0	0	0
bhagavada-da-vaca	भगवद्द्वचः	bhagavada्da्vacaḥ	bhagavada-da-vaca	भ		0	0	0
	१	१		१		0	0	0
	३	३		३		0	0	0
	३	३		३		0	0	0
	४	४		४		0	0	0
	३	३		३		0	0	0
	४	४		४		0	0	0
	३	३		३		0	0	0
aga-na-ya-dai	अग्न्यादि	aga्na्yaādai	aga-na-ya-dai	अ		0	0	0
	३	३		३		0	0	0
	१	१		१		0	0	0
	३	३		३		0	0	0
	१	१		१		0	0	1
ca	च	ca	ca	च		0	0	0
	१	१		१		0	0	0
	३	३		३		0	1	0
	३	३		३		0	0	0
	१	१		१		0	0	0
	५	५		५		0	0	0
	२	२		२		0	0	0
	३	३		३		0	0	0
	२	२		२		0	1	0
aga-raima	अग्रिमं	aga्raimaṃ	aga-raima	अ		0	0	0
	२	२		२		0	0	0
aga-raha-a	अग्रहणं	aga्rahaṇaṃ	aga-raha-a	अ		0	0	0
	१	१		१		0	0	0
	१	१		१		0	1	0
	५	५		५		0	0	0
	१	१		१		0	0	0
	१	१		१		0	0	0
	१	१		१		0	0	0
	३	३		३		0	0	0
ajaita	अजित	ajaita	ajaita	अ		0	0	0
vaina-akara-ama	विनाशकरणम्	vainaāśakaraṇama्	vaina-akara-ama	व		0	0	0
	४	४		४		0	0	0
	१	१		१		0	0	0
vaina-akara-ama	विनाशकरणम्	vainaāśakaraṇama्	vaina-akara-ama	व		0	0	0
	४	४		४		0	0	0
	१	१		१		0	0	0
	२	२		२		0	0	0
	२	२		२		0	0	0
	३	३		३		0	0	0
	३	३		३		0	0	0
	३	३		३		0	0	0
	३	३		३		0	0	0
etaena	एतेन	etaena	etaena	ए		0	0	0
	५	५		५		0	0	0
	९	९		९		0	0	0
	३	३		३		0	0	0
	९	९		९		0	1	0
	३	३		३		0	0	0
	३	३		३		0	0	0
ra-da-dha-na-tasa-tau	राद्धान्तस्तु	raāda्dhaāna्tasa्tau	ra-da-dha-na-tasa-tau	र		0	1	0
	३	३		३		0	0	0
	३	३		३		0	0	0
tae-a-manausana-dha-namaita-ya-a-a-kaya	तेषामनुसन्धानमित्याशङ्कय	taeṣaāmanausana्dhaānamaita्yaāśaṅa्kaya	tae-a-manausana-dha-namaita-ya-a-a-kaya	त		0	0	0
	३	३		३		1	1	0
	३	३		३		0	0	0
	३	३		३		0	0	0
	३	३		३		0	0	0
	३	३		३		0	0	0
	३	३		३		0	0	0
	६	६		६		0	0	0
	३	३		३		0	0	0
	४	४		४		0	1	0
	१	१		१		0	0	0
	३	३		३		0	0	0
a-a-gau-a-hapa-ramaita-ya	अङ्गुष्ठप्रमित्य	aṅa्gauṣa्ṭhapa्ramaita्ya	a-a-gau-a-hapa-ramaita-ya	अ		0	0	0
	१	१		१		0	0	0
	३	३		३		0	0	0
	१	१		१		0	0	0
	१	१		१		0	0	0
	१	१		१		0	0	0
	५	५		५		0	0	0
	८	८		८		0	0	0
	२	२		२		0	0	0
	२	२		२		0	0	0
	१	१		१		0	0	0
	१	१		१		0	0	0
	१	१		१		0	0	0
	१	१		१		0	0	0
acaetanaparatana-ta-ra	अचेतनपरतन्त्र	acaetanaparatana्ta्ra	acaetanaparatana-ta-ra	अ		0	0	0
	१३	१३		१		0	0	0
	१	१		१		0	0	0
	४	४		४		0	1	0
	१	१		१		0	0	0
	१	१		१		0	0	0
	५	५		५		0	0	0
	८	८		८		0	0	0
	२	२		२		0	1	0
	२	२		२		0	0	0
	२	२		२		0	0	0
	४	४		४		0	0	0
	४	४		४		0	0	0
	१	१		१		0	0	0
	४	४		४		0	0	0
aja-ada-rava-ya	अजडद्रव्य	ajaḍada्rava्ya	aja-ada-rava-ya	अ		0	0	0
	१	१		१		0	0	0
	१	१		१		0	0	0
	४	४		४		0	1	0
	१	१		१		0	0	0
	४	४		४		0	0	0
	१	१		१		0	0	0
	४	४		४		0	0	0
	१	१		१		0	0	0
	४	४		४		0	0	0
	२	२		२		0	0	0
	२	२		२		0	0	0
	२	२		२		0	0	0
	२	२		२		0	0	0
	१	१		१		0	0	0
	१३	१३		१		0	0	0
	१	१		१		0	0	0
	१	१		१		0	0	0
	१	१		१		0	0	0
	१	१		१		0	0	0
	१	१		१		0	0	0
	१	१		१		0	0	0
	१	१		१		0	0	0
	१	१		१		0	0	0
aja-a-nasa-ya-naivara-takata-va	अज्ञानस्यानिवर्तकत्व	aja्ñaānasa्yaānaivara्takata्va	aja-a-nasa-ya-naivara-takata-va	अ		0	0	0
	१	१		१		0	0	0
	१	१		१		0	0	0
a-rayavai-ayata-va	आश्रयविषयत्व	āśa्rayavaiṣayata्va	a-rayavai-ayata-va	आ		0	0	0
tairaodha-na	तिरोधान	tairaodhaāna	tairaodha-na	त		0	0	0
sa-vara-pa	स्वरूप	sa्varaūpa	sa-vara-pa	स		0	0	0
pa-rama-a	प्रमाण	pa्ramaāṇa	pa-rama-a	प		0	0	0
naivara-taka	निवर्तक	naivara्taka	naivara-taka	न		0	0	0
	१	१		१		0	0	0
	१	१		१		0	0	0
	३	३		३		0	0	0
	१	१		१		0	0	0
	३	३		३		0	0	0
	१	१		१		0	1	0
	२	२		२		0	0	0
	३	३		३		0	0	0
	२	२		२		0	0	0
	३	३		३		0	0	0
	५	५		५		0	0	0
	२	२		२		0	0	0
	३	३		३		0	0	0
	२	२		२		0	0	0
	४	४		४		0	0	0
	२	२		२		0	0	0
	२	२		२		0	1	0
	२	२		२		0	0	0
	३	३		३		0	0	0
para-bhaka-tai	पराभक्ति	paraābhaka्tai	para-bhaka-tai	प		0	0	0
paraja-a-na	परज्ञान	paraja्ñaāna	paraja-a-na	प		0	0	0
	३	३		३		0	0	0
	१	१		१		0	1	0
	७	७		७		0	0	0
	१६	१६		१		0	0	0
	१	१		१		0	0	0
	३	३		३		0	0	0
	४	४		४		0	0	0
	१५	१५		१		0	1	0
	४	४		४		0	0	0
	३	३		३		0	0	0
	४	४		४		0	0	0
	३	३		३		0	0	0
	४	४		४		0	0	0
	२	२		२		0	0	0
	२	२		२		0	0	0
	३	३		३		0	0	0
	१	१		१		0	0	0
	१	१		१		0	0	0
	१	१		१		0	0	0
ata-yana-ta	अत्यन्त	ata्yana्ta	ata-yana-ta	अ		0	0	0
	१	१		१		0	0	0
	१	१		१		0	0	0
	२	२		२		0	0	0
	२	२		२		0	0	0
	३	३		३		0	0	0
	१	१		१		0	0	0
	४	४		४		0	0	0
	४	४		४		0	0	0
	१५	१५		१		0	0	0
	१	१		१		0	0	0
	१	१		१		0	0	0
	१	१		१		0	0	0
	१	१		१		0	0	0
	६	६		६		0	2	0
	१	१		१		0	0	0
	१	१		१		0	0	0
	१	१		१		0	0	0
	१	१		१		0	0	0
mau-a-aka	मुण्डक	mauṇa्ḍaka	mau-a-aka	म		0	0	0
ma-a-a-ka-ya	माण्डूक्य	maāṇa्ḍaūka्ya	ma-a-a-ka-ya	म		0	0	0
	१	१		१		0	0	0
	१	१		१		0	0	0
	२	२		२		0	0	0
	५	५		५		0	0	0
	८	८		८		0	0	0
	५	५		५		0	0	0
	७	७		७		0	0	0
na-ya-ya	न्याय	na्yaāya	na-ya-ya	न		0	1	0
	३	३		३		0	0	0
	२	२		२		0	1	0
	१	१		१		0	0	0
	२	२		२		0	0	0
	१	१		१		0	0	0
	१	१		१		0	0	0
	१	१		१		0	0	0
	२	२		२		0	0	0
	१	१		१		0	0	0
	६	६		६		0	0	0
	२	२		२		0	0	0
	१	१		१		0	0	0
	१	१		१		0	0	0
	३	३		३		0	0	0
	१४	१४		१		0	0	0
	१	१		१		0	0	0
	१	१		१		0	0	0
	१२	१२		१		0	0	0
atala	अतल	atala	atala	अ		0	0	0
vaitala	वितल	vaitala	vaitala	व		0	0	0
sautala	सुतल	sautala	sautala	स		0	0	0
rasa-tala	रसातल	rasaātala	rasa-tala	र		0	0	0
tala-tala	तलातल	talaātala	tala-tala	त		0	0	0
maha-tala	महातल	mahaātala	maha-tala	म		0	1	0
	२	२		२		0	0	0
	२	२		२		0	0	0
	२	२		२		0	0	0
	२	२		२		0	0	0
	१	१		१		0	0	0
	१	१		१		1	1	0
	३	३		३		0	0	0
	२	२		२		0	0	0
	३	३		३		0	0	0
	२	२		२		0	1	0
	४	४		४		0	0	0
	१	१		१		0	1	0
	१	१		१		0	0	0
	२	२		२		0	0	0
	१	१		१		0	0	0
	२	२		२		0	0	0
	१	१		१		0	0	0
	२	२		२		0	0	0
	१	१		१		0	1	0
	१	१		१		0	0	0
	१	१		१		0	0	0
sa-vara-pa	स्वरूप	sa्varaūpa	sa-vara-pa	स		0	0	0
gau-a	गुण	gauṇa	gau-a	ग		0	0	0
	१	१		१		0	0	0
	१	१		१		0	0	0
	५	५		५		0	0	0
	१	१		१		0	0	0
	३	३		३		0	0	0
	७	७		७		0	0	0
	२	२		२	विशेषणम्	0	0	0
	१	१		१		0	0	0
	१	१		१		0	0	0
	१	१		१		0	0	0
	१	१		१		0	0	0
daevata-dhaikara-a	देवताधिकरण	daevataādhaikaraṇa	daevata-dhaikara-a	द		0	0	0
	१	१		१		0	0	0
	३	३		३		0	0	0
	१	१		१		0	0	0
	१	१		१		0	0	0
	८	८		८		0	0	0
	८	८		८		0	0	0
caaura	चौर	caaura	caaura	च		0	0	0
sara-pa	सर्प	sara्pa	sara-pa	स		0	0	0
	८	८		८		0	0	0
	१	१		१		0	0	0
	१	१		१		0	0	0
	९	९		९		0	0	0
	९	९		९		0	0	0
	२	२		२		0	0	0
	२	२		२		0	0	0
	१	१		१		0	0	0
	१	१		१		0	1	0
	१०	१०		१		0	1	0
	१	१		१		0	0	0
	१	१		१		0	0	0
	१	१		१		0	0	0
	१	१		१		0	0	0
	९	९		९		0	0	0
	३	३		३		0	0	0
	१	१		१		0	0	0
	६	६		६		0	0	0
	८	८		८		0	1	0
	२	२		२		0	0	0
	१	१		१		0	0	0
	२	२		२		0	0	0
	१	१		१		0	1	0
	१३	१३		१		0	0	0
	७	७		७		0	0	0
	२५	२५		२		0	0	0
	१	१		१		0	0	0
	१	१		१		0	1	0
	५	५		५		0	0	0
	१	१		१		0	0	0
	१	१		१		0	0	0
	१	१		१		0	0	0
vaivaeka	विवेक	vaivaeka	vaivaeka	व		0	0	0
vaimaoka	विमोक	vaimaoka	vaimaoka	व		0	0	0
abha-ya-sa	अभ्यास	abha्yaāsa	abha-ya-sa	अ		0	0	0
ka-raiya	क्रिया	ka्raiyaā	ka-raiya	क		0	0	0
kala-ya-a	कल्याण	kala्yaāṇa	kala-ya-a	क		0	0	0
anavasa-da	अनवसाद	anavasaāda	anavasa-da	अ		0	0	0
	१	१		१		0	0	0
	१	१		१		0	0	0
	१३	१३		१		0	0	0
	१३	१३		१		0	0	0
	१८	१८		१		0	0	0
daeha	देह	daeha	daeha	द		0	0	0
ina-da-raiya	इन्द्रिय	ina्da्raiya	ina-da-raiya	इ		0	0	0
mana	मनः	manaḥ	mana	म		0	0	0
	२	२		२		0	0	0
	२	२		२		0	0	0
	१३	१३		१		0	0	0
caita	चित्	caita्	caita	च		0	0	0
acaita	अचित्	acaita्	acaita	अ		0	0	0
	१	१		१		0	0	0
	४	४		४		0	0	0
	१	१		१		0	0	0
	१	१		१		0	1	0
	४	४		४		0	0	0
	१	१		१		0	0	0
	४	४		४		0	0	0
	१	१		१		0	0	0
	४	४		४		0	0	0
	२	२		२		0	0	0
	८	८		८		0	0	0
	१५	१५		१		0	1	0
	४	४		४		0	0	0
	४	४		४		0	0	0
	४	४		४		0	0	0
	४	४		४		0	0	0
	४	४		४		0	0	0
	४	४		४		0	0	0
	४	४		४		0	0	0
	१२	१२		१		0	1	0
	३	३		३		0	0	0
	३	३		३		0	0	0
	३	३		३		0	0	0
	३	३		३		0	0	0
	३	३		३		0	0	0
	१	१		१		0	0	0
	१	१		१		0	0	0
	१	१		१		0	0	0
	१	१		१		0	1	0
	३	३		३		0	0	0
	१	१		१		0	0	0
	३	३		३		0	0	0
	१	१		१		0	0	0
	३	३		३		0	0	0
	१	१		१		0	0	0
ca-ra-va-ka	चार्वाक	caāra्vaāka	ca-ra-va-ka	च		0	0	0
	५	५		५		0	0	0
	२	२		२		0	0	0
	२	२		२		0	1	0
	१	१		१		0	0	0
	३	३		३	धातुः	0	0	0
	१	१		१		0	0	0
	३	३		३		0	0	0
	१	१		१		0	0	0
	१	१		१		0	0	0
	१	१		१		0	0	0
	२	२		२		0	0	0
	३	३		३		0	0	0
a-sa-ta-ravaihaita	शास्त्रविहित	śaāsa्ta्ravaihaita	a-sa-ta-ravaihaita	श		0	1	0
	२	२		२		0	0	0
	३	३		३		0	0	0
ba-ra-ha-ma-a	ब्राह्मण	ba्raāha्maṇa	ba-ra-ha-ma-a	ब		0	0	0
	२	२		२		0	0	0
	३	३		३		0	0	0
	२	२		२		0	0	0
	२	२		२		0	0	0
	३	३		३		0	0	0
	६	६		६		0	0	0
	११	११		१		0	0	0
	१	१		१		0	0	0
	१	१		१		0	0	0
vaivaeka	विवेक	vaivaeka	vaivaeka	व		0	0	0
	१	१		१		0	0	0
	१	१		१		0	0	0
	१७	१७		१		0	0	0
a	ङ	ṅa	a	ङ		0	0	0
a	ञ	ña	a	ञ		0	0	0
a	ण	ṇa	a	ण		0	0	0
na	न	na	na	न		0	0	0
	१	१		१		0	0	0
	१	१		१		0	1	0
	१	१		१		0	0	0
	४	४		४		0	0	0
	३	३		३		0	0	0
	१	१		१		0	0	0
	४	४		४		0	0	0
	१	१		१		0	0	0
	१	१		१		0	0	0
	१	१		१		0	0	0
	१	१		१		0	0	0
	११	११		१		0	0	0
	३	३		३		0	0	0
	१	१		१		0	0	0
	३	३		३		0	0	0
	१	१		१		0	0	0
	३	३		३		0	0	0
	१	१		१		0	0	0
	१	१		१		0	0	0
	४	४		४		0	0	0
	४	४		४		0	1	1
	३	३		३		0	0	0
	२	२		२		0	0	0
	३	३		३		0	0	0
	२	२		२		0	0	0
